title,domain,score,country_code,reg_dtime
,http://ka9osbo5s9s.buzz,Critical,ZA,2024-09-27 00:48:34 (UTC)
porkbun.com | parked domain,http://sertanejobrasil.com,Critical,US,2024-09-27 00:51:41 (UTC)
Website Builder 404,http://lantiscorp.com,Critical,,2024-09-27 00:52:19 (UTC)
Site en construction,http://resapart.com,Critical,FR,2024-09-27 00:53:17 (UTC)
ÂçöÁΩóÂÅéÊåõÊñáÂåñÊúâÈôêÂÖ¨Âè∏,http://dingyida.com,Critical,US,2024-09-27 00:54:10 (UTC)
,http://biblekidstories.com,Critical,AU,2024-09-27 00:54:51 (UTC)
Page not found,http://agence-immobiliere-stcyr.com,Critical,NL,2024-09-27 00:57:30 (UTC)
Home,http://getnettle.com,Critical,,2024-09-27 00:58:21 (UTC)
403 Forbidden,http://400449a0.buzz,Critical,HK,2024-09-27 01:03:01 (UTC)
Error,http://ever4757.wixsite.com,Critical,US,2024-09-27 01:03:47 (UTC)
Domain Parked ¬´ Zoneedit,http://airforcecoffee.com,Critical,CA,2024-09-27 01:08:18 (UTC)
Page not found,http://sqpis.com,Critical,KR,2024-09-27 01:09:37 (UTC)
TikTok-Shop,http://tiktokshop11.vip,Critical,KR,2024-09-27 01:12:49 (UTC)
window-replacement-jobs-23746.bond,http://window-replacement-jobs-23746.bond,Critical,US,2024-09-27 01:15:30 (UTC)
Page not found,http://newhopegarland.com,Critical,GB,2024-09-27 01:20:27 (UTC)
Page not found,http://a-a-plaza.com,Critical,AE,2024-09-27 01:21:10 (UTC)
NameBright - Coming Soon,http://buzzbrokers.com,Critical,,2024-09-27 01:26:23 (UTC)
Page not found,http://drycreekdigital.com,Critical,,2024-09-27 01:27:04 (UTC)
,http://maobadi.com,Critical,,2024-09-27 01:27:45 (UTC)
,http://lructo.cloud,Critical,CZ,2024-09-27 01:28:33 (UTC)
,http://wanlim.com,Critical,,2024-09-27 01:33:41 (UTC)
,http://rashfah.com,Critical,US,2024-09-27 01:35:32 (UTC)
Apache2 Ubuntu Default Page: It works,http://webenglishtutor.cloud,Critical,ID,2024-09-27 01:41:50 (UTC)
pondhop.com,http://pondhop.com,Critical,,2024-09-27 01:42:24 (UTC)
The domain name Wackify.com is for sale | Dan.com,http://wackify.com,Critical,US,2024-09-27 01:48:41 (UTC)
Domain Registered,http://sandboxsavant.com,Critical,,2024-09-27 01:53:55 (UTC)
,http://salonsyvinh.cloud,Critical,,2024-09-27 01:54:25 (UTC)
,http://cadubi.com,Critical,,2024-09-27 01:55:31 (UTC)
Serv00.com - Free Website Hosting - 403 Website blocked,http://ganate-bdv.serv00.net,Critical,PL,2024-09-27 02:02:55 (UTC)
www.shibujob.com,http://shibujob.com,Critical,US,2024-09-27 02:03:31 (UTC)
,http://ecotherapyhub.clinic,Critical,,2024-09-27 02:04:25 (UTC)
,http://le113.com,Critical,DE,2024-09-27 02:05:46 (UTC)
Website Builder 404,http://jonathanhaag.com,Critical,US,2024-09-27 02:06:35 (UTC)
"One moment, please...",http://mailxlsxpdfauth.com,Critical,DE,2024-09-27 02:11:22 (UTC)
szzsrh.com,http://szzsrh.com,Critical,JP,2024-09-27 02:13:02 (UTC)
ÊÅ≠ÂñúÔºåÁ´ôÁÇπÂàõÂª∫ÊàêÂäüÔºÅ,http://183767.club,Critical,IN,2024-09-27 02:15:48 (UTC)
,http://rites-of-passage.com,Critical,US,2024-09-27 02:24:43 (UTC)
Luanbei,http://luanbei.com,Critical,,2024-09-27 02:25:31 (UTC)
Site en construction,http://eyeandlight.com,Critical,FR,2024-09-27 02:26:20 (UTC)
403 - Acesso negado,http://aac4b0887827b3598989c48a201d0420.crimachado.com.br,Critical,US,2024-09-27 02:29:12 (UTC)
Page not found,http://ramseybikeandski.com,Critical,US,2024-09-27 02:29:59 (UTC)
Largest Poker Tournaments Reviewed | Play Party Poker for FREE | Win $Millions,http://pokerinhome.com,Critical,NL,2024-09-27 02:41:30 (UTC)
,http://556349.com,Critical,HK,2024-09-27 02:42:17 (UTC)
Buy and Sell Domain Names | Dan.com,http://leseternels.com,Critical,US,2024-09-27 02:44:18 (UTC)
,http://998kongbao.com,Critical,US,2024-09-27 02:45:26 (UTC)
,http://steamcommuhity.ru,Critical,RU,2024-09-27 02:45:59 (UTC)
Index of /,http://eaglezeebrugge.cam,Critical,BG,2024-09-27 02:46:56 (UTC)
,http://appnotrix.com,Critical,DE,2024-09-27 02:47:44 (UTC)
Index of /,http://gemtechshop.com,Critical,,2024-09-27 02:50:41 (UTC)
Buy and Sell Domain Names | Dan.com,http://wspieram.com,Critical,US,2024-09-27 02:51:24 (UTC)
gatekeeperscurse.com,http://gatekeeperscurse.com,Critical,US,2024-09-27 02:53:58 (UTC)
Buy and Sell Domain Names | Dan.com,http://jiujitsumiami.com,Critical,US,2024-09-27 02:57:06 (UTC)
SOFA Tr∆∞·ªùng An,http://noithattruongan.com,Critical,US,2024-09-27 02:58:08 (UTC)
SSL Error,http://milano365.com,Critical,,2024-09-27 03:01:21 (UTC)
Serv00.com - Free Website Hosting - 403 Website blocked,http://bdvappbeneficios.serv00.net,Critical,PL,2024-09-27 03:02:02 (UTC)
Page not found,http://drgloriajofloyd.com,Critical,KR,2024-09-27 03:02:40 (UTC)
error,http://amazon.co.jp.hkfaulm.cn,Critical,HK,2024-09-27 03:03:30 (UTC)
Page not found,http://seerclean.com,Critical,US,2024-09-27 03:06:09 (UTC)
ilkareklam.com - Yapƒ±m A≈üamasƒ±nda - guzel.net.tr,http://ilkareklam.com,Critical,,2024-09-27 03:06:55 (UTC)
ÂÖ®Ê∞ëÂõΩÈôÖ,http://ymaeh6apes5.buzz,Critical,SG,2024-09-27 03:07:49 (UTC)
work-in-usa-53629.bond,http://work-in-usa-53629.bond,Critical,,2024-09-27 03:12:48 (UTC)
WKWKTOTO üòÇ AGEN BANDAR LINK TOTO TOGEL SLOT DANA TERPERCAYA,http://iranairiatravel.com,Critical,ID,2024-09-27 03:13:45 (UTC)
ÂâßÊÉÖÁôæÁßëÁΩë,http://wanshishunda.com,Critical,HK,2024-09-27 03:14:27 (UTC)
È¶ñÈ°µ - SHOP,http://hgw.jzsb296.vip,Critical,HK,2024-09-27 03:18:13 (UTC)
us-usps-fkbq.top,http://us-usps-fkbq.top,Critical,US,2024-09-27 03:18:54 (UTC)
mu-resources.com,http://mu-resources.com,Critical,US,2024-09-27 03:19:34 (UTC)
,http://service.royalorientation.info,Critical,HK,2024-09-27 03:20:29 (UTC)
warehouse-inventory-nl-nt.click,http://warehouse-inventory-nl-nt.click,Critical,US,2024-09-27 03:21:04 (UTC)
Page not found,http://awaodori-tenporen.com,Critical,US,2024-09-27 03:21:41 (UTC)
Ê∞∏ÁõàÊ¨¢ËøéÊÇ®,http://3567222.com,Critical,HK,2024-09-27 03:22:30 (UTC)
"Sorry, the website has been stopped",http://133474.com,Critical,,2024-09-27 03:24:39 (UTC)
Language Cafe,http://language-cafe.com,Critical,SG,2024-09-27 03:25:16 (UTC)
Êò≠ÈÄöÁé∞ËØüÊïôËÇ≤Âí®ËØ¢ÊúâÈôêÂÖ¨Âè∏,http://xindufood.com,Critical,US,2024-09-27 03:25:47 (UTC)
Parked Domain name on Hostinger DNS system,http://veganplace.club,Critical,LT,2024-09-27 03:27:15 (UTC)
Áà±Áà±ÁΩë,http://s3338.com,Critical,CN,2024-09-27 03:35:07 (UTC)
,http://tiktoksc.tv,Critical,HK,2024-09-27 03:41:12 (UTC)
Owlto Official | Welcome to Pizza Heaven!,http://owltofinance.club,Critical,,2024-09-27 03:41:57 (UTC)
www.hjhbl.com,http://hjhbl.com,Critical,US,2024-09-27 03:45:30 (UTC)
Default Web Site Page,http://the-borns.com,Critical,US,2024-09-27 03:47:25 (UTC)
TikTok-Wholesale,http://ebay898.cc,Critical,US,2024-09-27 03:48:13 (UTC)
tntÂ®±‰πê-ÂÆòÊñπ,http://jh8gpsubi91.buzz,Critical,US,2024-09-27 03:52:57 (UTC)
Site en construction,http://meetpm.com,Critical,,2024-09-27 03:53:32 (UTC)
404 Not Found,http://348880.com,Critical,US,2024-09-27 03:54:15 (UTC)
È¶ñÈ°µ - SHOP,http://npc.pkgu192.vip,Critical,HK,2024-09-27 03:54:52 (UTC)
www.facchouston.com,http://facchouston.com,Critical,ZA,2024-09-27 03:55:42 (UTC)
Wrance.com,http://wrance.com,Critical,,2024-09-27 03:56:32 (UTC)
Attention Required! | Cloudflare,http://zhubao999.com,Critical,,2024-09-27 03:58:37 (UTC)
"DuckDuckGo ‚Äî Privacy, simplified.",http://olx-pl.iruzpmnes.shop,Critical,,2024-09-27 03:59:30 (UTC)
ÊÅ≠ÂñúÔºåÁ´ôÁÇπÂàõÂª∫ÊàêÂäüÔºÅ,http://vtiktok.cc,Critical,HK,2024-09-27 04:00:34 (UTC)
porkbun.com | parked domain,http://digitalcrowds.com,Critical,US,2024-09-27 04:01:35 (UTC)
Site not found ¬∑ DreamHost,http://moneydune.club,Critical,US,2024-09-27 04:02:23 (UTC)
,http://purpleturtle.cloud,Critical,,2024-09-27 04:10:27 (UTC)
Bengchu,http://bengchu.com,Critical,CN,2024-09-27 04:11:14 (UTC)
,http://dollsoles.com,Critical,,2024-09-27 04:18:44 (UTC)
SetSwing.com is for sale,http://setswing.com,Critical,US,2024-09-27 04:19:54 (UTC)
window-replacement-jobs-91068.bond,http://window-replacement-jobs-91068.bond,Critical,US,2024-09-27 04:20:28 (UTC)
ÁªµÈò≥Áù£ÂåïÂÆ∂ÂÖ∑ÊúâÈôêÂÖ¨Âè∏,http://hlsw888.com,Critical,US,2024-09-27 04:25:14 (UTC)
buleibo.com,http://buleibo.com,Critical,SG,2024-09-27 04:29:55 (UTC)
,http://jnlzzx.com,Critical,MU,2024-09-27 04:32:54 (UTC)
Suspected phishing site | Cloudflare,http://gdriveixev.pages.dev,Low,,2024-09-27 04:33:34 (UTC)
